,Precision,Learning Rate,Max Depth
0,0.7518248175182481,0.7445255474452555,0.7737226277372263
1,0.781021897810219,0.7445255474452555,0.7445255474452555
2,0.781021897810219,0.781021897810219,0.7299270072992701
3,0.7737226277372263,0.7664233576642335,0.7518248175182481
4,0.7883211678832117,0.7664233576642335,0.7445255474452555
5,0.7591240875912408,0.7591240875912408,0.7299270072992701
6,0.7737226277372263,0.7737226277372263,0.7372262773722628
7,0.7883211678832117,0.7737226277372263,0.7153284671532847
8,0.7883211678832117,0.7664233576642335,0.7153284671532847
